{
  "channelDict": {
    "APS1-12": {
      "IChannel": "",
      "QChannel": "",
      "ampFactor": 1.0,
      "delay": 0.0,
      "enabled": false,
      "generator": "HTCI",
      "instrument": "APS1",
      "label": "APS1-12",
      "phaseSkew": 0.0,
      "samplingRate": 1200000000.0,
      "translator": "APSPattern",
      "x__class__": "PhysicalQuadratureChannel",
      "x__module__": "QGL.Channels"
    },
    "APS1-1m1": {
      "delay": 0.0,
      "enabled": false,
      "gateBuffer": 0.0,
      "gateMinWidth": 0.0,
      "generator": "",
      "instrument": "APS1",
      "label": "APS1-1m1",
      "samplingRate": 1200000000.0,
      "translator": "APSPattern",
      "x__class__": "PhysicalMarkerChannel",
      "x__module__": "QGL.Channels"
    },
    "APS1-2m1": {
      "delay": 0.0,
      "enabled": false,
      "gateBuffer": 0.0,
      "gateMinWidth": 0.0,
      "generator": "",
      "instrument": "APS1",
      "label": "APS1-2m1",
      "samplingRate": 1200000000.0,
      "translator": "APSPattern",
      "x__class__": "PhysicalMarkerChannel",
      "x__module__": "QGL.Channels"
    },
    "APS1-34": {
      "IChannel": "",
      "QChannel": "",
      "ampFactor": 1.0,
      "delay": 0.0,
      "enabled": false,
      "generator": "",
      "instrument": "APS1",
      "label": "APS1-34",
      "phaseSkew": 0.0,
      "samplingRate": 1200000000.0,
      "translator": "APSPattern",
      "x__class__": "PhysicalQuadratureChannel",
      "x__module__": "QGL.Channels"
    },
    "APS1-3m1": {
      "delay": 0.0,
      "enabled": false,
      "gateBuffer": 0.0,
      "gateMinWidth": 0.0,
      "generator": "",
      "instrument": "APS1",
      "label": "APS1-3m1",
      "samplingRate": 1200000000.0,
      "translator": "APSPattern",
      "x__class__": "PhysicalMarkerChannel",
      "x__module__": "QGL.Channels"
    },
    "APS1-4m1": {
      "delay": 0.0,
      "enabled": false,
      "gateBuffer": 0.0,
      "gateMinWidth": 0.0,
      "generator": "",
      "instrument": "APS1",
      "label": "APS1-4m1",
      "samplingRate": 1200000000.0,
      "translator": "APSPattern",
      "x__class__": "PhysicalMarkerChannel",
      "x__module__": "QGL.Channels"
    },
    "APS21-12": {
      "IChannel": "",
      "QChannel": "",
      "ampFactor": 0.9684,
      "delay": 0.0,
      "enabled": true,
      "generator": "HMCII",
      "instrument": "APS21",
      "label": "APS21-12",
      "phaseSkew": 4.08,
      "samplingRate": 1200000000.0,
      "translator": "APS2Pattern",
      "x__class__": "PhysicalQuadratureChannel",
      "x__module__": "QGL.Channels"
    },
    "APS21-12m1": {
      "delay": 0.0,
      "enabled": true,
      "gateBuffer": 0.0,
      "gateMinWidth": 0.0,
      "generator": "",
      "instrument": "APS21",
      "label": "APS21-12m1",
      "samplingRate": 1200000000.0,
      "translator": "APS2Pattern",
      "x__class__": "PhysicalMarkerChannel",
      "x__module__": "QGL.Channels"
    },
    "APS21-12m2": {
      "delay": 0.0,
      "enabled": true,
      "gateBuffer": 0.0,
      "gateMinWidth": 0.0,
      "generator": "",
      "instrument": "APS21",
      "label": "APS21-12m2",
      "samplingRate": 1200000000.0,
      "translator": "APS2Pattern",
      "x__class__": "PhysicalMarkerChannel",
      "x__module__": "QGL.Channels"
    },
    "APS21-12m3": {
      "delay": 0.0,
      "enabled": false,
      "gateBuffer": 0.0,
      "gateMinWidth": 0.0,
      "generator": "",
      "instrument": "APS21",
      "label": "APS21-12m3",
      "samplingRate": 1200000000.0,
      "translator": "APS2Pattern",
      "x__class__": "PhysicalMarkerChannel",
      "x__module__": "QGL.Channels"
    },
    "APS21-12m4": {
      "delay": 0.0,
      "enabled": true,
      "gateBuffer": 0.0,
      "gateMinWidth": 0.0,
      "generator": "",
      "instrument": "APS21",
      "label": "APS21-12m4",
      "samplingRate": 1200000000.0,
      "translator": "APS2Pattern",
      "x__class__": "PhysicalMarkerChannel",
      "x__module__": "QGL.Channels"
    },
    "APS22-12": {
      "IChannel": "",
      "QChannel": "",
      "ampFactor": 0.9778,
      "delay": 0.0,
      "enabled": true,
      "generator": "Agilent2",
      "instrument": "APS22",
      "label": "APS22-12",
      "phaseSkew": -41.04,
      "samplingRate": 1200000000.0,
      "translator": "APS2Pattern",
      "x__class__": "PhysicalQuadratureChannel",
      "x__module__": "QGL.Channels"
    },
    "APS22-12m1": {
      "delay": 0.0,
      "enabled": true,
      "gateBuffer": 0.0,
      "gateMinWidth": 0.0,
      "generator": "",
      "instrument": "APS22",
      "label": "APS22-12m1",
      "samplingRate": 1200000000.0,
      "translator": "APS2Pattern",
      "x__class__": "PhysicalMarkerChannel",
      "x__module__": "QGL.Channels"
    },
    "APS22-12m2": {
      "delay": 0.0,
      "enabled": false,
      "gateBuffer": 0.0,
      "gateMinWidth": 0.0,
      "generator": "",
      "instrument": "APS22",
      "label": "APS22-12m2",
      "samplingRate": 1200000000.0,
      "translator": "APS2Pattern",
      "x__class__": "PhysicalMarkerChannel",
      "x__module__": "QGL.Channels"
    },
    "APS22-12m3": {
      "delay": 0.0,
      "enabled": false,
      "gateBuffer": 0.0,
      "gateMinWidth": 0.0,
      "generator": "",
      "instrument": "APS22",
      "label": "APS22-12m3",
      "samplingRate": 1200000000.0,
      "translator": "APS2Pattern",
      "x__class__": "PhysicalMarkerChannel",
      "x__module__": "QGL.Channels"
    },
    "APS22-12m4": {
      "delay": 0.0,
      "enabled": false,
      "gateBuffer": 0.0,
      "gateMinWidth": 0.0,
      "generator": "",
      "instrument": "APS22",
      "label": "APS22-12m4",
      "samplingRate": 1200000000.0,
      "translator": "APS2Pattern",
      "x__class__": "PhysicalMarkerChannel",
      "x__module__": "QGL.Channels"
    },
    "APS23-12": {
      "IChannel": "",
      "QChannel": "",
      "ampFactor": 0.9691,
      "delay": 0.0,
      "enabled": true,
      "generator": "MXG",
      "instrument": "APS23",
      "label": "APS23-12",
      "phaseSkew": 5.07,
      "samplingRate": 1200000000.0,
      "translator": "APS2Pattern",
      "x__class__": "PhysicalQuadratureChannel",
      "x__module__": "QGL.Channels"
    },
    "APS23-12m1": {
      "delay": 0.0,
      "enabled": true,
      "gateBuffer": 0.0,
      "gateMinWidth": 0.0,
      "generator": "",
      "instrument": "APS23",
      "label": "APS23-12m1",
      "samplingRate": 1200000000.0,
      "translator": "APS2Pattern",
      "x__class__": "PhysicalMarkerChannel",
      "x__module__": "QGL.Channels"
    },
    "APS23-12m2": {
      "delay": 0.0,
      "enabled": false,
      "gateBuffer": 0.0,
      "gateMinWidth": 0.0,
      "generator": "",
      "instrument": "APS23",
      "label": "APS23-12m2",
      "samplingRate": 1200000000.0,
      "translator": "APS2Pattern",
      "x__class__": "PhysicalMarkerChannel",
      "x__module__": "QGL.Channels"
    },
    "APS23-12m3": {
      "delay": 0.0,
      "enabled": false,
      "gateBuffer": 0.0,
      "gateMinWidth": 0.0,
      "generator": "",
      "instrument": "APS23",
      "label": "APS23-12m3",
      "samplingRate": 1200000000.0,
      "translator": "APS2Pattern",
      "x__class__": "PhysicalMarkerChannel",
      "x__module__": "QGL.Channels"
    },
    "APS23-12m4": {
      "delay": 0.0,
      "enabled": false,
      "gateBuffer": 0.0,
      "gateMinWidth": 0.0,
      "generator": "",
      "instrument": "APS23",
      "label": "APS23-12m4",
      "samplingRate": 1200000000.0,
      "translator": "APS2Pattern",
      "x__class__": "PhysicalMarkerChannel",
      "x__module__": "QGL.Channels"
    },
    "APS24-12": {
      "IChannel": "",
      "QChannel": "",
      "ampFactor": 1.024,
      "delay": 0.0,
      "enabled": true,
      "generator": "Agilent2",
      "instrument": "APS24",
      "label": "APS24-12",
      "phaseSkew": -15.78,
      "samplingRate": 1200000000.0,
      "translator": "APS2Pattern",
      "x__class__": "PhysicalQuadratureChannel",
      "x__module__": "QGL.Channels"
    },
    "APS24-12m1": {
      "delay": 0.0,
      "enabled": true,
      "gateBuffer": 0.0,
      "gateMinWidth": 0.0,
      "generator": "",
      "instrument": "APS24",
      "label": "APS24-12m1",
      "samplingRate": 1200000000.0,
      "translator": "APS2Pattern",
      "x__class__": "PhysicalMarkerChannel",
      "x__module__": "QGL.Channels"
    },
    "APS24-12m2": {
      "delay": 0.0,
      "enabled": false,
      "gateBuffer": 0.0,
      "gateMinWidth": 0.0,
      "generator": "",
      "instrument": "APS24",
      "label": "APS24-12m2",
      "samplingRate": 1200000000.0,
      "translator": "APS2Pattern",
      "x__class__": "PhysicalMarkerChannel",
      "x__module__": "QGL.Channels"
    },
    "APS24-12m3": {
      "delay": 0.0,
      "enabled": false,
      "gateBuffer": 0.0,
      "gateMinWidth": 0.0,
      "generator": "",
      "instrument": "APS24",
      "label": "APS24-12m3",
      "samplingRate": 1200000000.0,
      "translator": "APS2Pattern",
      "x__class__": "PhysicalMarkerChannel",
      "x__module__": "QGL.Channels"
    },
    "APS24-12m4": {
      "delay": 0.0,
      "enabled": false,
      "gateBuffer": 0.0,
      "gateMinWidth": 0.0,
      "generator": "",
      "instrument": "APS24",
      "label": "APS24-12m4",
      "samplingRate": 1200000000.0,
      "translator": "APS2Pattern",
      "x__class__": "PhysicalMarkerChannel",
      "x__module__": "QGL.Channels"
    },
    "CR12": {
      "enabled": true,
      "frequency": 141866000.0,
      "gateChan": "q2-gate",
      "label": "CR12",
      "physChan": "APS24-12",
      "pulseParams": {
        "amp": 0.752148821,
        "cutoff": 2,
        "dragScaling": 0,
        "length": 6e-08,
        "phase": -1.6588,
        "riseFall": 2.5e-08,
        "shapeFun": "gaussian",
        "sigma": 5e-09
      },
      "source": "q2",
      "target": "q1",
      "x__class__": "Edge",
      "x__module__": "QGL.Channels"
    },
    "CR12-gate": {
      "enabled": true,
      "label": "CR12-gate",
      "physChan": "APS24-12m2",
      "pulseParams": {
        "length": 1e-08,
        "shapeFun": "constant"
      },
      "x__class__": "LogicalMarkerChannel",
      "x__module__": "QGL.Channels"
    },
    "M-q1": {
      "autodyneFreq": -10000000.0,
      "enabled": true,
      "frequency": 0.0,
      "gateChan": "M-q1-gate",
      "label": "M-q1",
      "measType": "autodyne",
      "physChan": "APS21-12",
      "pulseParams": {
        "amp": 1.0,
        "cutoff": 2,
        "length": 5e-06,
        "shapeFun": "tanh",
        "sigma": 1e-09
      },
      "trigChan": "digitizerTrig",
      "x__class__": "Measurement",
      "x__module__": "QGL.Channels"
    },
    "M-q1-gate": {
      "enabled": true,
      "label": "M-q1-gate",
      "physChan": "APS21-12m1",
      "pulseParams": {
        "length": 1e-07,
        "shapeFun": "constant"
      },
      "x__class__": "LogicalMarkerChannel",
      "x__module__": "QGL.Channels"
    },
    "M-q2": {
      "autodyneFreq": -10000000.0,
      "enabled": true,
      "frequency": 0.0,
      "gateChan": "M-q2-gate",
      "label": "M-q2",
      "measType": "autodyne",
      "physChan": "APS23-12",
      "pulseParams": {
        "amp": 1.0,
        "cutoff": 2,
        "length": 5e-06,
        "shapeFun": "tanh",
        "sigma": 1e-09
      },
      "trigChan": "digitizerTrig",
      "x__class__": "Measurement",
      "x__module__": "QGL.Channels"
    },
    "M-q2-gate": {
      "enabled": true,
      "label": "M-q2-gate",
      "physChan": "APS23-12m1",
      "pulseParams": {
        "length": 1e-07,
        "shapeFun": "constant"
      },
      "x__class__": "LogicalMarkerChannel",
      "x__module__": "QGL.Channels"
    },
    "digitizerTrig": {
      "enabled": true,
      "label": "digitizerTrig",
      "physChan": "APS21-12m2",
      "pulseParams": {
        "length": 2e-07,
        "shapeFun": "constant"
      },
      "x__class__": "LogicalMarkerChannel",
      "x__module__": "QGL.Channels"
    },
    "q1": {
      "enabled": true,
      "frequency": 141869000.0,
      "gateChan": "q1-gate",
      "label": "q1",
      "physChan": "APS22-12",
      "pulseParams": {
        "cutoff": 2,
        "dragScaling": -0.42,
        "length": 5e-08,
        "pi2Amp": 0.1965,
        "piAmp": 0.3909,
        "shapeFun": "drag",
        "sigma": 5e-09
      },
      "x__class__": "Qubit",
      "x__module__": "QGL.Channels"
    },
    "q1-gate": {
      "enabled": true,
      "label": "q1-gate",
      "physChan": "APS22-12m1",
      "pulseParams": {
        "length": 1e-07,
        "shapeFun": "constant"
      },
      "x__class__": "LogicalMarkerChannel",
      "x__module__": "QGL.Channels"
    },
    "q2": {
      "enabled": true,
      "frequency": -100000000.0,
      "gateChan": "q2-gate",
      "label": "q2",
      "physChan": "APS24-12",
      "pulseParams": {
        "cutoff": 2,
        "dragScaling": -0.52,
        "length": 5e-08,
        "pi2Amp": 0.2157,
        "piAmp": 0.433,
        "shapeFun": "drag",
        "sigma": 5e-09
      },
      "x__class__": "Qubit",
      "x__module__": "QGL.Channels"
    },
    "q2-gate": {
      "enabled": true,
      "label": "q2-gate",
      "physChan": "APS24-12m1",
      "pulseParams": {
        "length": 1e-07,
        "shapeFun": "constant"
      },
      "x__class__": "LogicalMarkerChannel",
      "x__module__": "QGL.Channels"
    },
    "slaveTrig": {
      "enabled": true,
      "label": "slaveTrig",
      "physChan": "APS21-12m4",
      "pulseParams": {
        "length": 3e-08,
        "shapeFun": "constant"
      },
      "x__class__": "LogicalMarkerChannel",
      "x__module__": "QGL.Channels"
    }
  },
  "version": 5,
  "x__class__": "ChannelLibrary",
  "x__module__": "QGL.ChannelLibrary"
}