{
  "channelDict": {
    "APS21-12": {
      "IChannel": "",
      "QChannel": "",
      "ampFactor": 1.0,
      "delay": 1e-07,
      "enabled": false,
      "generator": "HTCI",
      "instrument": "APS21",
      "label": "APS21-12",
      "phaseSkew": 0.0,
      "samplingRate": 1200000000.0,
      "translator": "APS2Pattern",
      "x__class__": "PhysicalQuadratureChannel",
      "x__module__": "QGL.Channels"
    },
    "APS21-12m1": {
      "delay": 1e-07,
      "enabled": false,
      "gateBuffer": 0.0,
      "gateMinWidth": 0.0,
      "generator": "",
      "instrument": "APS21",
      "label": "APS21-12m1",
      "samplingRate": 1200000000.0,
      "translator": "APS2Pattern",
      "x__class__": "PhysicalMarkerChannel",
      "x__module__": "QGL.Channels"
    },
    "APS21-12m2": {
      "delay": 0.0,
      "enabled": false,
      "gateBuffer": 0.0,
      "gateMinWidth": 0.0,
      "generator": "",
      "instrument": "APS21",
      "label": "APS21-12m2",
      "samplingRate": 1200000000.0,
      "translator": "APS2Pattern",
      "x__class__": "PhysicalMarkerChannel",
      "x__module__": "QGL.Channels"
    },
    "APS21-12m3": {
      "delay": 0.0,
      "enabled": false,
      "gateBuffer": 0.0,
      "gateMinWidth": 0.0,
      "generator": "",
      "instrument": "APS21",
      "label": "APS21-12m3",
      "samplingRate": 1200000000.0,
      "translator": "APS2Pattern",
      "x__class__": "PhysicalMarkerChannel",
      "x__module__": "QGL.Channels"
    },
    "APS21-12m4": {
      "delay": 0.0,
      "enabled": false,
      "gateBuffer": 0.0,
      "gateMinWidth": 0.0,
      "generator": "",
      "instrument": "APS21",
      "label": "APS21-12m4",
      "samplingRate": 1200000000.0,
      "translator": "APS2Pattern",
      "x__class__": "PhysicalMarkerChannel",
      "x__module__": "QGL.Channels"
    },
    "APS22-12": {
      "IChannel": "",
      "QChannel": "",
      "ampFactor": 1.0,
      "delay": 0.0,
      "enabled": false,
      "generator": "MXG",
      "instrument": "APS22",
      "label": "APS22-12",
      "phaseSkew": 0.0,
      "samplingRate": 1200000000.0,
      "translator": "APS2Pattern",
      "x__class__": "PhysicalQuadratureChannel",
      "x__module__": "QGL.Channels"
    },
    "APS22-12m1": {
      "delay": 0.0,
      "enabled": false,
      "gateBuffer": 0.0,
      "gateMinWidth": 0.0,
      "generator": "",
      "instrument": "APS22",
      "label": "APS22-12m1",
      "samplingRate": 1200000000.0,
      "translator": "APS2Pattern",
      "x__class__": "PhysicalMarkerChannel",
      "x__module__": "QGL.Channels"
    },
    "APS22-12m2": {
      "delay": 0.0,
      "enabled": false,
      "gateBuffer": 0.0,
      "gateMinWidth": 0.0,
      "generator": "",
      "instrument": "APS22",
      "label": "APS22-12m2",
      "samplingRate": 1200000000.0,
      "translator": "APS2Pattern",
      "x__class__": "PhysicalMarkerChannel",
      "x__module__": "QGL.Channels"
    },
    "APS22-12m3": {
      "delay": 0.0,
      "enabled": false,
      "gateBuffer": 0.0,
      "gateMinWidth": 0.0,
      "generator": "",
      "instrument": "APS22",
      "label": "APS22-12m3",
      "samplingRate": 1200000000.0,
      "translator": "APS2Pattern",
      "x__class__": "PhysicalMarkerChannel",
      "x__module__": "QGL.Channels"
    },
    "APS22-12m4": {
      "delay": 0.0,
      "enabled": false,
      "gateBuffer": 0.0,
      "gateMinWidth": 0.0,
      "generator": "",
      "instrument": "APS22",
      "label": "APS22-12m4",
      "samplingRate": 1200000000.0,
      "translator": "APS2Pattern",
      "x__class__": "PhysicalMarkerChannel",
      "x__module__": "QGL.Channels"
    },
    "APS23-12": {
      "IChannel": "",
      "QChannel": "",
      "ampFactor": 0.9888,
      "delay": 0.0,
      "enabled": true,
      "generator": "MXG",
      "instrument": "APS23",
      "label": "APS23-12",
      "phaseSkew": 4.62,
      "samplingRate": 1200000000.0,
      "translator": "APS2Pattern",
      "x__class__": "PhysicalQuadratureChannel",
      "x__module__": "QGL.Channels"
    },
    "APS23-12m1": {
      "delay": 0.0,
      "enabled": true,
      "gateBuffer": 0.0,
      "gateMinWidth": 0.0,
      "generator": "",
      "instrument": "APS23",
      "label": "APS23-12m1",
      "samplingRate": 1200000000.0,
      "translator": "APS2Pattern",
      "x__class__": "PhysicalMarkerChannel",
      "x__module__": "QGL.Channels"
    },
    "APS23-12m2": {
      "delay": 0.0,
      "enabled": true,
      "gateBuffer": 0.0,
      "gateMinWidth": 0.0,
      "generator": "",
      "instrument": "APS23",
      "label": "APS23-12m2",
      "samplingRate": 1200000000.0,
      "translator": "APS2Pattern",
      "x__class__": "PhysicalMarkerChannel",
      "x__module__": "QGL.Channels"
    },
    "APS23-12m3": {
      "delay": 0.0,
      "enabled": false,
      "gateBuffer": 0.0,
      "gateMinWidth": 0.0,
      "generator": "",
      "instrument": "APS23",
      "label": "APS23-12m3",
      "samplingRate": 1200000000.0,
      "translator": "APS2Pattern",
      "x__class__": "PhysicalMarkerChannel",
      "x__module__": "QGL.Channels"
    },
    "APS23-12m4": {
      "delay": 0.0,
      "enabled": true,
      "gateBuffer": 0.0,
      "gateMinWidth": 0.0,
      "generator": "",
      "instrument": "APS23",
      "label": "APS23-12m4",
      "samplingRate": 1200000000.0,
      "translator": "APS2Pattern",
      "x__class__": "PhysicalMarkerChannel",
      "x__module__": "QGL.Channels"
    },
    "APS24-12": {
      "IChannel": "",
      "QChannel": "",
      "ampFactor": 1.022,
      "delay": 0.0,
      "enabled": true,
      "generator": "Agilent1",
      "instrument": "APS24",
      "label": "APS24-12",
      "phaseSkew": -14.83,
      "samplingRate": 1200000000.0,
      "translator": "APS2Pattern",
      "x__class__": "PhysicalQuadratureChannel",
      "x__module__": "QGL.Channels"
    },
    "APS24-12m1": {
      "delay": 0.0,
      "enabled": true,
      "gateBuffer": 0.0,
      "gateMinWidth": 0.0,
      "generator": "",
      "instrument": "APS24",
      "label": "APS24-12m1",
      "samplingRate": 1200000000.0,
      "translator": "APS2Pattern",
      "x__class__": "PhysicalMarkerChannel",
      "x__module__": "QGL.Channels"
    },
    "APS24-12m2": {
      "delay": 0.0,
      "enabled": false,
      "gateBuffer": 0.0,
      "gateMinWidth": 0.0,
      "generator": "",
      "instrument": "APS24",
      "label": "APS24-12m2",
      "samplingRate": 1200000000.0,
      "translator": "APS2Pattern",
      "x__class__": "PhysicalMarkerChannel",
      "x__module__": "QGL.Channels"
    },
    "APS24-12m3": {
      "delay": 0.0,
      "enabled": false,
      "gateBuffer": 0.0,
      "gateMinWidth": 0.0,
      "generator": "",
      "instrument": "APS24",
      "label": "APS24-12m3",
      "samplingRate": 1200000000.0,
      "translator": "APS2Pattern",
      "x__class__": "PhysicalMarkerChannel",
      "x__module__": "QGL.Channels"
    },
    "APS24-12m4": {
      "delay": 0.0,
      "enabled": false,
      "gateBuffer": 0.0,
      "gateMinWidth": 0.0,
      "generator": "",
      "instrument": "APS24",
      "label": "APS24-12m4",
      "samplingRate": 1200000000.0,
      "translator": "APS2Pattern",
      "x__class__": "PhysicalMarkerChannel",
      "x__module__": "QGL.Channels"
    },
    "M-q1": {
      "autodyneFreq": -10000000.0,
      "enabled": true,
      "frequency": 0.0,
      "gateChan": "M-q1-gate",
      "label": "M-q1",
      "measType": "autodyne",
      "physChan": "APS23-12",
      "pulseParams": {
        "amp": 1.0,
        "cutoff": 2,
        "length": 5e-06,
        "shapeFun": "tanh",
        "sigma": 1e-09
      },
      "trigChan": "digitizerTrig",
      "x__class__": "Measurement",
      "x__module__": "QGL.Channels"
    },
    "M-q1-gate": {
      "enabled": true,
      "label": "M-q1-gate",
      "physChan": "APS23-12m1",
      "pulseParams": {
        "length": 1e-07,
        "shapeFun": "constant"
      },
      "x__class__": "LogicalMarkerChannel",
      "x__module__": "QGL.Channels"
    },
    "digitizerTrig": {
      "enabled": true,
      "label": "digitizerTrig",
      "physChan": "APS23-12m2",
      "pulseParams": {
        "length": 1e-07,
        "shapeFun": "constant"
      },
      "x__class__": "LogicalMarkerChannel",
      "x__module__": "QGL.Channels"
    },
    "q1": {
      "enabled": true,
      "frequency": -100000000.0,
      "gateChan": "q1-gate",
      "label": "q1",
      "physChan": "APS24-12",
      "pulseParams": {
        "cutoff": 2,
        "dragScaling": 0.0,
        "length": 5e-08,
        "pi2Amp": 0.1,
        "piAmp": 0.2007,
        "shapeFun": "tanh",
        "sigma": 1e-08
      },
      "x__class__": "Qubit",
      "x__module__": "QGL.Channels"
    },
    "q1-gate": {
      "enabled": true,
      "label": "q1-gate",
      "physChan": "APS24-12m1",
      "pulseParams": {
        "length": 1e-07,
        "shapeFun": "constant"
      },
      "x__class__": "LogicalMarkerChannel",
      "x__module__": "QGL.Channels"
    },
    "q2": {
      "enabled": false,
      "frequency": 0.0,
      "gateChan": "q2-gate",
      "label": "q2",
      "physChan": "APS23-12",
      "pulseParams": {
        "cutoff": 2,
        "dragScaling": 0,
        "length": 2e-08,
        "pi2Amp": 0.5,
        "piAmp": 1.0,
        "shapeFun": "delay",
        "sigma": 5e-09
      },
      "x__class__": "Qubit",
      "x__module__": "QGL.Channels"
    },
    "q2-gate": {
      "enabled": false,
      "label": "q2-gate",
      "physChan": "APS23-12m1",
      "pulseParams": {
        "length": 1e-08,
        "shapeFun": "constant"
      },
      "x__class__": "LogicalMarkerChannel",
      "x__module__": "QGL.Channels"
    },
    "slaveTrig": {
      "enabled": true,
      "label": "slaveTrig",
      "physChan": "APS23-12m4",
      "pulseParams": {
        "length": 5e-08,
        "shapeFun": "constant"
      },
      "x__class__": "LogicalMarkerChannel",
      "x__module__": "QGL.Channels"
    }
  },
  "version": 5,
  "x__class__": "ChannelLibrary",
  "x__module__": "QGL.ChannelLibrary"
}