{
  "instrDict": {
    "APS21": {
      "address": "192.168.2.2",
      "channels": [
        {
          "amplitude": 0.25,
          "enabled": true,
          "label": "",
          "offset": 0.0,
          "x__class__": "AWGChannel",
          "x__module__": "instruments.AWGBase"
        },
        {
          "amplitude": 0.25,
          "enabled": true,
          "label": "",
          "offset": 0.0,
          "x__class__": "AWGChannel",
          "x__module__": "instruments.AWGBase"
        }
      ],
      "delay": 0.0,
      "enabled": false,
      "isMaster": true,
      "label": "APS21",
      "numChannels": 2,
      "samplingRate": 1200000000.0,
      "seqFile": "Z:/Experiments/DR2/pyqlab-config/AWG/Spct/Spct-APS21.h5",
      "seqForce": true,
      "triggerInterval": 0.0001,
      "triggerSource": "Internal",
      "x__class__": "APS2",
      "x__module__": "instruments.drivers.APS2"
    },
    "APS22": {
      "address": "192.168.2.3",
      "channels": [
        {
          "amplitude": 1.0,
          "enabled": true,
          "label": "",
          "offset": -0.0423,
          "x__class__": "AWGChannel",
          "x__module__": "instruments.AWGBase"
        },
        {
          "amplitude": 1.0,
          "enabled": true,
          "label": "",
          "offset": -0.1136,
          "x__class__": "AWGChannel",
          "x__module__": "instruments.AWGBase"
        }
      ],
      "delay": 0.0,
      "enabled": false,
      "isMaster": false,
      "label": "APS22",
      "numChannels": 2,
      "samplingRate": 1200000000.0,
      "seqFile": "Z:/Experiments/DR2/pyqlab-config/AWG/Spct/Spct-APS22.h5",
      "seqForce": true,
      "triggerInterval": 0.0001,
      "triggerSource": "External",
      "x__class__": "APS2",
      "x__module__": "instruments.drivers.APS2"
    },
    "APS23": {
      "address": "192.168.2.4",
      "channels": [
        {
          "amplitude": 0.25,
          "enabled": true,
          "label": "",
          "offset": 0.0001,
          "x__class__": "AWGChannel",
          "x__module__": "instruments.AWGBase"
        },
        {
          "amplitude": 0.25,
          "enabled": true,
          "label": "",
          "offset": -0.0157,
          "x__class__": "AWGChannel",
          "x__module__": "instruments.AWGBase"
        }
      ],
      "delay": 0.0,
      "enabled": true,
      "isMaster": true,
      "label": "APS23",
      "numChannels": 2,
      "samplingRate": 1200000000.0,
      "seqFile": "Z:/Experiments/Rack3/PyQlab-Config/AWG/Spct/Spct-APS23.h5",
      "seqForce": true,
      "triggerInterval": 0.005,
      "triggerSource": "Internal",
      "x__class__": "APS2",
      "x__module__": "instruments.drivers.APS2"
    },
    "APS24": {
      "address": "192.168.2.5",
      "channels": [
        {
          "amplitude": 0.25,
          "enabled": true,
          "label": "",
          "offset": -0.0237,
          "x__class__": "AWGChannel",
          "x__module__": "instruments.AWGBase"
        },
        {
          "amplitude": 0.25,
          "enabled": true,
          "label": "",
          "offset": -0.0167,
          "x__class__": "AWGChannel",
          "x__module__": "instruments.AWGBase"
        }
      ],
      "delay": 0.0,
      "enabled": true,
      "isMaster": false,
      "label": "APS24",
      "numChannels": 2,
      "samplingRate": 1200000000.0,
      "seqFile": "Z:/Experiments/Rack3/PyQlab-Config/AWG/Spct/Spct-APS24.h5",
      "seqForce": true,
      "triggerInterval": 0.00015,
      "triggerSource": "External",
      "x__class__": "APS2",
      "x__module__": "instruments.drivers.APS2"
    },
    "Agilent1": {
      "address": "7",
      "alc": true,
      "enabled": true,
      "frequency": 5.1283710000000005,
      "gateBuffer": 2e-08,
      "gateDelay": -6e-08,
      "gateMinWidth": 1e-07,
      "label": "Agilent1",
      "mod": false,
      "output": true,
      "power": 15.0,
      "pulse": false,
      "pulseSource": "Internal",
      "x__class__": "AgilentE8257D",
      "x__module__": "instruments.MicrowaveSources"
    },
    "Alazar": {
      "acquireMode": "averager",
      "address": "1",
      "bandwidth": "Full",
      "clockType": "ref",
      "delay": 0.0,
      "enabled": true,
      "label": "Alazar",
      "nbrRoundRobins": 1000,
      "nbrSegments": 105,
      "nbrWaveforms": 1,
      "recordLength": 4096,
      "samplingRate": 1000000000.0,
      "triggerCoupling": "DC",
      "triggerLevel": 500.0,
      "triggerSlope": "rising",
      "triggerSource": "Ext",
      "verticalCoupling": "AC",
      "verticalOffset": 0.0,
      "verticalScale": 0.4,
      "x__class__": "AlazarATS9870",
      "x__module__": "instruments.Digitizers"
    },
    "Attenuator": {
      "address": "COM6",
      "ch1Attenuation": 0.0,
      "ch2Attenuation": 26.0,
      "ch3Attenuation": 4.0,
      "enabled": true,
      "label": "Attenuator",
      "x__class__": "DigitalAttenuator",
      "x__module__": "instruments.Attenuators"
    },
    "DC": {
      "address": "COM7",
      "ch1Value": 1.969,
      "ch2Value": 0.0,
      "ch3Value": 0.0,
      "enabled": true,
      "label": "DC",
      "x__class__": "SIM928",
      "x__module__": "instruments.DCSources"
    },
    "HMCII": {
      "address": "ASRL6::INSTR",
      "alc": false,
      "enabled": false,
      "frequency": 5.0,
      "gateBuffer": 0.0,
      "gateDelay": 0.0,
      "gateMinWidth": 0.0,
      "label": "HMCII",
      "mod": false,
      "output": false,
      "power": 0.0,
      "pulse": false,
      "pulseSource": "Internal",
      "refSource": "Internal",
      "x__class__": "HittiteHMCT2100",
      "x__module__": "instruments.MicrowaveSources"
    },
    "HTCI": {
      "address": "ASRL7::INSTR",
      "alc": true,
      "enabled": false,
      "frequency": 6.73904,
      "gateBuffer": 0.0,
      "gateDelay": 0.0,
      "gateMinWidth": 0.0,
      "label": "HTCI",
      "mod": false,
      "output": true,
      "power": 18.0,
      "pulse": false,
      "pulseSource": "Internal",
      "refSource": "External",
      "x__class__": "HittiteHMCT2100",
      "x__module__": "instruments.MicrowaveSources"
    },
    "MXG": {
      "address": "USB0::0x0957::0x1F01::MY47420076::INSTR",
      "alc": true,
      "enabled": true,
      "frequency": 6.9173,
      "gateBuffer": 2e-08,
      "gateDelay": -6e-08,
      "gateMinWidth": 1e-07,
      "label": "MXG",
      "mod": false,
      "output": true,
      "power": 14.0,
      "pulse": false,
      "pulseSource": "External",
      "x__class__": "AgilentN5183A",
      "x__module__": "instruments.MicrowaveSources"
    },
    "SA": {
      "address": "COM9",
      "enabled": false,
      "label": "SA",
      "x__class__": "SpectrumAnalyzer",
      "x__module__": "instruments.Analysers"
    },
    "Scope": {
      "acquireMode": "averager",
      "address": "1",
      "bandwidth": "Full",
      "clockType": "ref",
      "delay": 1.5e-07,
      "enabled": false,
      "label": "Scope",
      "nbrRoundRobins": 1,
      "nbrSegments": 1,
      "nbrWaveforms": 1,
      "recordLength": 1024,
      "samplingRate": 1000000000.0,
      "triggerCoupling": "DC",
      "triggerLevel": 500.0,
      "triggerSlope": "rising",
      "triggerSource": "Ext",
      "verticalCoupling": "AC",
      "verticalOffset": 0.0,
      "verticalScale": 1.0,
      "x__class__": "AgilentAP240",
      "x__module__": "instruments.Digitizers"
    },
    "SpectrumAnalyzer": {
      "address": "COM3",
      "enabled": false,
      "label": "SpectrumAnalyzer",
      "x__class__": "SpectrumAnalyzer",
      "x__module__": "instruments.Analysers"
    }
  },
  "version": 3,
  "x__class__": "InstrumentLibrary",
  "x__module__": "instruments.InstrumentManager"
}