{
  "filterDict": {
    "Demod": {
      "IFfreq": 10000000.0,
      "bandwidth": 7000000.0,
      "dataSource": "Stream",
      "decimFactor1": 4,
      "decimFactor2": 4,
      "decimFactor3": 1,
      "enabled": true,
      "label": "Demod",
      "phase": 0.0,
      "plotMode": "amp/phase",
      "plotScope": true,
      "recordsFilePath": "",
      "samplingRate": 1000000000.0,
      "saveRecords": false,
      "saved": true,
      "x__class__": "DigitalDemod",
      "x__module__": "MeasFilters"
    },
    "M1_KernelIntegrator": {
      "IFfreq": 0.0,
      "bias": 0.0,
      "boxCarStart": 100,
      "boxCarStop": 250,
      "dataSource": "Demod",
      "enabled": true,
      "kernel": "np.ones(256, dtype=np.complex128)",
      "label": "M1_KernelIntegrator",
      "plotMode": "quad",
      "plotScope": true,
      "recordsFilePath": "",
      "samplingRate": 1000000000.0,
      "saveRecords": false,
      "saved": true,
      "simpleKernel": true,
      "x__class__": "KernelIntegration",
      "x__module__": "MeasFilters"
    },
    "Stream": {
      "channel": "1",
      "dataSource": "Alazar",
      "enabled": true,
      "label": "Stream",
      "plotMode": "real/imag",
      "plotScope": true,
      "recordsFilePath": "",
      "saveRecords": false,
      "saved": true,
      "x__class__": "RawStream",
      "x__module__": "MeasFilters"
    }
  },
  "version": 1,
  "x__class__": "MeasFilterLibrary",
  "x__module__": "MeasFilters"
}