{
  "sweepDict": {
    "Attenuation": {
      "axisLabel": "Attenuation (dB)",
      "channel": 2,
      "enabled": true,
      "instr": "Attenuator",
      "label": "Attenuation",
      "numPoints": -3,
      "order": 1,
      "start": 25.0,
      "step": 5.0,
      "stop": 30.0,
      "x__class__": "Attenuation",
      "x__module__": "Sweeps"
    },
    "Cavity": {
      "axisLabel": "Cav Frequency",
      "enabled": true,
      "instr": "MXG",
      "label": "Cavity",
      "numPoints": -2957,
      "order": 1,
      "start": 6.9163,
      "step": 0.002000000000000668,
      "stop": 6.9183,
      "x__class__": "Frequency",
      "x__module__": "Sweeps"
    },
    "DC": {
      "axisLabel": "Vchip (V)",
      "channel": 1,
      "enabled": true,
      "instr": "DC",
      "label": "DC",
      "numPoints": -17,
      "order": 1,
      "start": 1.94,
      "step": 0.050000000000000044,
      "stop": 1.99,
      "x__class__": "DC",
      "x__module__": "Sweeps"
    },
    "DC2": {
      "axisLabel": "Vglb (V)",
      "channel": 1,
      "enabled": false,
      "instr": "DC2",
      "label": "DC2",
      "numPoints": 1,
      "order": 1,
      "start": -7.0,
      "step": 27.0,
      "stop": 20.0,
      "x__class__": "DC",
      "x__module__": "Sweeps"
    },
    "Frequency": {
      "axisLabel": "Frequency",
      "enabled": true,
      "instr": "Agilent1",
      "label": "Frequency",
      "numPoints": -670,
      "order": 1,
      "start": 5.0261,
      "step": 0.006000000000000227,
      "stop": 5.0321,
      "x__class__": "Frequency",
      "x__module__": "Sweeps"
    },
    "GeneratorPower": {
      "axisLabel": "Power (dBm)",
      "enabled": true,
      "instr": "MXG",
      "label": "GeneratorPower",
      "numPoints": 1,
      "order": 1,
      "start": -15.0,
      "step": 20.0,
      "stop": 5.0,
      "units": "dBm",
      "x__class__": "Power",
      "x__module__": "Sweeps"
    },
    "HeterodyneFrequency": {
      "axisLabel": "frequency",
      "diffFreq": 0.019,
      "enabled": true,
      "instr1": "",
      "instr2": "",
      "label": "HeterodyneFrequency",
      "numPoints": -349,
      "order": 1,
      "start": 8.0,
      "step": 0.019999999999999574,
      "stop": 8.02,
      "x__class__": "HeterodyneFrequency",
      "x__module__": "Sweeps"
    },
    "IP": {
      "axisLabel": "Ampl.",
      "channel": "1",
      "enabled": true,
      "instr": "APS22",
      "label": "IP",
      "mode": "Amp.",
      "numPoints": 23155026356751374056878505985,
      "order": 1,
      "start": 0.0,
      "step": 6.478075113754474e-30,
      "stop": 0.15,
      "x__class__": "AWGChannel",
      "x__module__": "Sweeps"
    },
    "Repeat": {
      "axisLabel": "Repeats",
      "delay": 0.0,
      "enabled": true,
      "label": "Repeat",
      "numRepeats": 1500,
      "order": 1,
      "x__class__": "Repeat",
      "x__module__": "Sweeps"
    },
    "SegmentNum": {
      "axisLabel": "segment",
      "enabled": true,
      "label": "SegmentNum",
      "numPoints": 580,
      "order": 1,
      "points": [
        1,
        2,
        3,
        4,
        5,
        6,
        7,
        8,
        9,
        10,
        11,
        12,
        13,
        14,
        15,
        16,
        17,
        18,
        19,
        20,
        21,
        22,
        23,
        24,
        25,
        26,
        27,
        28,
        29,
        30,
        31,
        32,
        33,
        34,
        35,
        36,
        37,
        38,
        39,
        40,
        41,
        42,
        43,
        44,
        45,
        46,
        47,
        48,
        49,
        50,
        51,
        52,
        53,
        54,
        55,
        56,
        57,
        58,
        59,
        60,
        61,
        62,
        63,
        64,
        65,
        66,
        67,
        68,
        69,
        70,
        71,
        72,
        73,
        74,
        75,
        76,
        77,
        78,
        79,
        80,
        81,
        82,
        83,
        84,
        85,
        86,
        87,
        88,
        89,
        90,
        91,
        92,
        93,
        94,
        95,
        96,
        97,
        98,
        99,
        100,
        101,
        102,
        103,
        104,
        105,
        106,
        107,
        108,
        109,
        110,
        111,
        112,
        113,
        114,
        115,
        116,
        117,
        118,
        119,
        120,
        121,
        122,
        123,
        124,
        125,
        126,
        127,
        128,
        129,
        130,
        131,
        132,
        133,
        134,
        135,
        136,
        137,
        138,
        139,
        140,
        141,
        142,
        143,
        144,
        145,
        146,
        147,
        148,
        149,
        150,
        151,
        152,
        153,
        154,
        155,
        156,
        157,
        158,
        159,
        160,
        161,
        162,
        163,
        164,
        165,
        166,
        167,
        168,
        169,
        170,
        171,
        172,
        173,
        174,
        175,
        176,
        177,
        178,
        179,
        180,
        181,
        182,
        183,
        184,
        185,
        186,
        187,
        188,
        189,
        190,
        191,
        192,
        193,
        194,
        195,
        196,
        197,
        198,
        199,
        200,
        201,
        202,
        203,
        204,
        205,
        206,
        207,
        208,
        209,
        210,
        211,
        212,
        213,
        214,
        215,
        216,
        217,
        218,
        219,
        220,
        221,
        222,
        223,
        224,
        225,
        226,
        227,
        228,
        229,
        230,
        231,
        232,
        233,
        234,
        235,
        236,
        237,
        238,
        239,
        240,
        241,
        242,
        243,
        244,
        245,
        246,
        247,
        248,
        249,
        250,
        251,
        252,
        253,
        254,
        255,
        256,
        257,
        258,
        259,
        260,
        261,
        262,
        263,
        264,
        265,
        266,
        267,
        268,
        269,
        270,
        271,
        272,
        273,
        274,
        275,
        276,
        277,
        278,
        279,
        280,
        281,
        282,
        283,
        284,
        285,
        286,
        287,
        288,
        289,
        290,
        291,
        292,
        293,
        294,
        295,
        296,
        297,
        298,
        299,
        300,
        301,
        302,
        303,
        304,
        305,
        306,
        307,
        308,
        309,
        310,
        311,
        312,
        313,
        314,
        315,
        316,
        317,
        318,
        319,
        320,
        321,
        322,
        323,
        324,
        325,
        326,
        327,
        328,
        329,
        330,
        331,
        332,
        333,
        334,
        335,
        336,
        337,
        338,
        339,
        340,
        341,
        342,
        343,
        344,
        345,
        346,
        347,
        348,
        349,
        350,
        351,
        352,
        353,
        354,
        355,
        356,
        357,
        358,
        359,
        360,
        361,
        362,
        363,
        364,
        365,
        366,
        367,
        368,
        369,
        370,
        371,
        372,
        373,
        374,
        375,
        376,
        377,
        378,
        379,
        380,
        381,
        382,
        383,
        384,
        385,
        386,
        387,
        388,
        389,
        390,
        391,
        392,
        393,
        394,
        395,
        396,
        397,
        398,
        399,
        400,
        401,
        402,
        403,
        404,
        405,
        406,
        407,
        408,
        409,
        410,
        411,
        412,
        413,
        414,
        415,
        416,
        417,
        418,
        419,
        420,
        421,
        422,
        423,
        424,
        425,
        426,
        427,
        428,
        429,
        430,
        431,
        432,
        433,
        434,
        435,
        436,
        437,
        438,
        439,
        440,
        441,
        442,
        443,
        444,
        445,
        446,
        447,
        448,
        449,
        450,
        451,
        452,
        453,
        454,
        455,
        456,
        457,
        458,
        459,
        460,
        461,
        462,
        463,
        464,
        465,
        466,
        467,
        468,
        469,
        470,
        471,
        472,
        473,
        474,
        475,
        476,
        477,
        478,
        479,
        480,
        481,
        482,
        483,
        484,
        485,
        486,
        487,
        488,
        489,
        490,
        491,
        492,
        493,
        494,
        495,
        496,
        497,
        498,
        499,
        500,
        501,
        502,
        503,
        504,
        505,
        506,
        507,
        508,
        509,
        510,
        511,
        512,
        513,
        514,
        515,
        516,
        517,
        518,
        519,
        520,
        521,
        522,
        523,
        524,
        525,
        526,
        527,
        528,
        529,
        530,
        531,
        532,
        533,
        534,
        535,
        536,
        537,
        538,
        539,
        540,
        541,
        542,
        543,
        544,
        545,
        546,
        547,
        548,
        549,
        550,
        551,
        552,
        553,
        554,
        555,
        556,
        557,
        558,
        559,
        560,
        561,
        562,
        563,
        564,
        565,
        566,
        567,
        568,
        569,
        570,
        571,
        572,
        573,
        574,
        575,
        576,
        577,
        578,
        579,
        580
      ],
      "start": 1.0,
      "step": 1.0,
      "stop": 580.0,
      "usePointsList": true,
      "x__class__": "SegmentNum",
      "x__module__": "Sweeps"
    },
    "SegmentNumWithCals": {
      "axisLabel": "delay (us)",
      "enabled": true,
      "label": "SegmentNumWithCals",
      "numCals": 4,
      "numPoints": 101,
      "order": 1,
      "points": [
        0.0,
        1.0,
        2.0,
        3.0,
        4.0,
        5.0,
        6.0,
        7.0,
        8.0,
        9.0,
        10.0,
        11.0,
        12.0,
        13.0,
        14.0,
        14.999999999999998,
        16.0,
        17.0,
        18.0,
        18.999999999999996,
        20.0,
        21.0,
        22.0,
        23.0,
        24.0,
        24.999999999999996,
        26.0,
        27.0,
        28.0,
        29.0,
        29.999999999999996,
        31.0,
        32.0,
        32.99999999999999,
        34.0,
        35.0,
        36.0,
        37.0,
        37.99999999999999,
        39.0,
        40.0,
        41.0,
        42.0,
        42.99999999999999,
        44.0,
        44.99999999999999,
        46.0,
        47.0,
        48.0,
        49.0,
        49.99999999999999,
        51.0,
        52.0,
        53.0,
        54.0,
        54.99999999999999,
        56.0,
        56.99999999999999,
        58.0,
        59.0,
        59.99999999999999,
        61.0,
        62.0,
        63.0,
        64.0,
        65.0,
        65.99999999999999,
        67.0,
        68.0,
        69.0,
        70.0,
        70.99999999999999,
        72.0,
        73.0,
        74.0,
        75.0,
        75.99999999999999,
        77.0,
        78.0,
        79.0,
        80.0,
        80.99999999999999,
        82.0,
        83.0,
        84.0,
        84.99999999999999,
        85.99999999999999,
        87.0,
        88.0,
        89.0,
        89.99999999999999,
        90.99999999999999,
        92.0,
        93.0,
        94.0,
        94.99999999999999,
        96.0,
        97.0,
        98.0,
        99.0,
        99.99999999999999
      ],
      "start": 0.0,
      "step": 0.9999999999999999,
      "stop": 99.99999999999999,
      "usePointsList": true,
      "x__class__": "SegmentNumWithCals",
      "x__module__": "Sweeps"
    },
    "Segments": {
      "axisLabel": "Time (us)",
      "enabled": true,
      "label": "Segments",
      "numPoints": 101,
      "order": 2,
      "points": [
        1.0
      ],
      "start": 0.0,
      "step": 0.01,
      "stop": 1.0,
      "usePointsList": false,
      "x__class__": "SegmentNum",
      "x__module__": "Sweeps"
    },
    "TP": {
      "axisLabel": "FP (amp)",
      "channel": "2",
      "enabled": true,
      "instr": "APS22",
      "label": "TP",
      "mode": "Amp.",
      "numPoints": 801,
      "order": 1,
      "start": 0.5,
      "step": 0.000625,
      "stop": 1.0,
      "x__class__": "AWGChannel",
      "x__module__": "Sweeps"
    }
  },
  "sweepOrder": [
    "Repeat"
  ],
  "version": 1,
  "x__class__": "SweepLibrary",
  "x__module__": "Sweeps"
}